{
  "version": "8.0",
  "source": "pptx_extraction",
  "extraction_date": "2025-11-01",
  "description": "Field positions from PowerPoint PPTX - guarantees best alignment",
  "fields": {
    "name": {
      "x": 0.4818295864738998,
      "y": 0.4530260041024284,
      "font_size": 23,
      "baseline_offset": 0
    },
    "event": {
      "x": 0.47322932837077075,
      "y": 0.5752738701779925,
      "font_size": 23,
      "baseline_offset": 0
    },
    "organiser": {
      "x": 0.4775290366020162,
      "y": 0.6870199827962681,
      "font_size": 23,
      "baseline_offset": 0
    }
  }
}